{
  "project_info": {
    "project_number": "585183587064",
    "firebase_url": "https://feliperamostictactoe.firebaseio.com",
    "project_id": "feliperamostictactoe",
    "storage_bucket": "feliperamostictactoe.appspot.com"
  },
  "client": [
    {
      "client_info": {
        "mobilesdk_app_id": "1:585183587064:android:6f76d4688706b1ab",
        "android_client_info": {
          "package_name": "com.example.hells.androidtic_tac_toe"
        }
      },
      "oauth_client": [
        {
          "client_id": "585183587064-7rf5ub2cqlbu2gu4bjmokvhajbnqcq3n.apps.googleusercontent.com",
          "client_type": 1,
          "android_info": {
            "package_name": "com.example.hells.androidtic_tac_toe",
            "certificate_hash": "68b1a8ac3428b6f9462b2a27421243d288846a55"
          }
        },
        {
          "client_id": "585183587064-r13amf41n45a3lcs3804kd4djme6npjq.apps.googleusercontent.com",
          "client_type": 3
        }
      ],
      "api_key": [
        {
          "current_key": "AIzaSyAViXR3_h1wAi5iLgfgAgyUVhPDryJlnJs"
        }
      ],
      "services": {
        "analytics_service": {
          "status": 1
        },
        "appinvite_service": {
          "status": 2,
          "other_platform_oauth_client": [
            {
              "client_id": "585183587064-r13amf41n45a3lcs3804kd4djme6npjq.apps.googleusercontent.com",
              "client_type": 3
            }
          ]
        },
        "ads_service": {
          "status": 2
        }
      }
    },
    {
      "client_info": {
        "mobilesdk_app_id": "1:585183587064:android:a8745466997ecddd",
        "android_client_info": {
          "package_name": "edu.harding.tictactoe"
        }
      },
      "oauth_client": [
        {
          "client_id": "585183587064-4e5n0bb7vs1n17ip52cujq1bcfr3fh33.apps.googleusercontent.com",
          "client_type": 1,
          "android_info": {
            "package_name": "edu.harding.tictactoe",
            "certificate_hash": "68b1a8ac3428b6f9462b2a27421243d288846a55"
          }
        },
        {
          "client_id": "585183587064-r13amf41n45a3lcs3804kd4djme6npjq.apps.googleusercontent.com",
          "client_type": 3
        }
      ],
      "api_key": [
        {
          "current_key": "AIzaSyAViXR3_h1wAi5iLgfgAgyUVhPDryJlnJs"
        }
      ],
      "services": {
        "analytics_service": {
          "status": 1
        },
        "appinvite_service": {
          "status": 2,
          "other_platform_oauth_client": [
            {
              "client_id": "585183587064-r13amf41n45a3lcs3804kd4djme6npjq.apps.googleusercontent.com",
              "client_type": 3
            }
          ]
        },
        "ads_service": {
          "status": 2
        }
      }
    },
    {
      "client_info": {
        "mobilesdk_app_id": "1:585183587064:android:d59089acfe8725e8",
        "android_client_info": {
          "package_name": "edu.harding.tictactoe.challenge6_tictactoe"
        }
      },
      "oauth_client": [
        {
          "client_id": "585183587064-qss1ah01ojhd3raug4nt0rv3o2klbj1o.apps.googleusercontent.com",
          "client_type": 1,
          "android_info": {
            "package_name": "edu.harding.tictactoe.challenge6_tictactoe",
            "certificate_hash": "68b1a8ac3428b6f9462b2a27421243d288846a55"
          }
        },
        {
          "client_id": "585183587064-r13amf41n45a3lcs3804kd4djme6npjq.apps.googleusercontent.com",
          "client_type": 3
        }
      ],
      "api_key": [
        {
          "current_key": "AIzaSyAViXR3_h1wAi5iLgfgAgyUVhPDryJlnJs"
        }
      ],
      "services": {
        "analytics_service": {
          "status": 1
        },
        "appinvite_service": {
          "status": 2,
          "other_platform_oauth_client": [
            {
              "client_id": "585183587064-r13amf41n45a3lcs3804kd4djme6npjq.apps.googleusercontent.com",
              "client_type": 3
            }
          ]
        },
        "ads_service": {
          "status": 2
        }
      }
    }
  ],
  "configuration_version": "1"
}